{
  "TotalFiles": 78,
  "TotalLines": 3126,
  "TotalBlankLines": 522,
  "TotalComments": 249,
  "TotalCodeLines": 2355,
  "Results": [
    {
      "Language": "TypeScript",
      "Files": 57,
      "Lines": 2549,
      "BlankLines": 482,
      "Comments": 223,
      "CodeLines": 1844
    },
    {
      "Language": "CSS",
      "Files": 7,
      "Lines": 218,
      "BlankLines": 5,
      "Comments": 3,
      "CodeLines": 210
    },
    {
      "Language": "JavaScript",
      "Files": 3,
      "Lines": 158,
      "BlankLines": 17,
      "Comments": 18,
      "CodeLines": 123
    },
    {
      "Language": "HTML",
      "Files": 8,
      "Lines": 109,
      "BlankLines": 10,
      "Comments": 3,
      "CodeLines": 96
    },
    {
      "Language": "YAML",
      "Files": 3,
      "Lines": 92,
      "BlankLines": 8,
      "Comments": 2,
      "CodeLines": 82
    }
  ]
}