{
  "TotalFiles": 4,
  "TotalLines": 140,
  "TotalBlankLines": 13,
  "TotalComments": 12,
  "TotalCodeLines": 115,
  "Results": [
    {
      "Language": "XML",
      "Files": 1,
      "Lines": 71,
      "BlankLines": 6,
      "Comments": 2,
      "CodeLines": 63
    },
    {
      "Language": "YAML",
      "Files": 1,
      "Lines": 36,
      "BlankLines": 3,
      "Comments": 0,
      "CodeLines": 33
    },
    {
      "Language": "Java",
      "Files": 2,
      "Lines": 33,
      "BlankLines": 4,
      "Comments": 10,
      "CodeLines": 19
    }
  ]
}