{"NumProjects":37,"NumRepositories":43,"ProjectBranches":[{"ProjectKey":"ADFSTESTINGTOOLS","RepoSlug":"adfstestingtools","MainBranch":"main","LargestSize":5275732},{"ProjectKey":"ALOHA-PRODTOOLS","RepoSlug":"aloha-prodtools","MainBranch":"main","LargestSize":551846057},{"ProjectKey":"AWS","RepoSlug":"aws_ecs_fargate_sonarqube","MainBranch":"main","LargestSize":75824228},{"ProjectKey":"AWS","RepoSlug":"database","MainBranch":"main","LargestSize":75824228},{"ProjectKey":"AWS","RepoSlug":"ecs","MainBranch":"main","LargestSize":75824228},{"ProjectKey":"AWS","RepoSlug":"sonarqube","MainBranch":"main","LargestSize":75824228},{"ProjectKey":"BI-SCRIPTS","RepoSlug":"bi-scripts","MainBranch":"main","LargestSize":134537},{"ProjectKey":"BUILDDOCKER","RepoSlug":"builddocker","MainBranch":"main","LargestSize":30677},{"ProjectKey":"CACHESUGGESTION","RepoSlug":"cachesuggestion","MainBranch":"main","LargestSize":39663850},{"ProjectKey":"CENTRAL_LOG","RepoSlug":"central_log","MainBranch":"main","LargestSize":985},{"ProjectKey":"CREATEDB","RepoSlug":"createdb","MainBranch":"main","LargestSize":75378692},{"ProjectKey":"DATA-MONOTORING","RepoSlug":"data-monotoring","MainBranch":"main","LargestSize":71449},{"ProjectKey":"FLEETMANAGER","RepoSlug":"fleetmanager","MainBranch":"main","LargestSize":112178694},{"ProjectKey":"GENERATEUR-JDD-EN-COURS","RepoSlug":"generateur-jdd-en-cours","MainBranch":"main","LargestSize":18038},{"ProjectKey":"GEODATA-V3-CONFIG","RepoSlug":"geodata-v3-config","MainBranch":"main","LargestSize":6022},{"ProjectKey":"GRAFANA-CONFIG","RepoSlug":"grafana-config","MainBranch":"main","LargestSize":6745},{"ProjectKey":"JAV","RepoSlug":"bb-java-security-demo","MainBranch":"master","LargestSize":4665},{"ProjectKey":"JAV","RepoSlug":"dotnet-api","MainBranch":"DEV","LargestSize":32578},{"ProjectKey":"JUS","RepoSlug":"sample-project","MainBranch":"develop","LargestSize":14227},{"ProjectKey":"KAZA","RepoSlug":"kaza","MainBranch":"main","LargestSize":22191772},{"ProjectKey":"LASTSYNCINTEGRATION","RepoSlug":"lastsyncintegration","MainBranch":"main","LargestSize":3023087},{"ProjectKey":"MDMAUTOMATIONTESTS","RepoSlug":"mdmautomationtests","MainBranch":"main","LargestSize":11378628},{"ProjectKey":"MDMUPDATE","RepoSlug":"mdmupdate","MainBranch":"main","LargestSize":319134},{"ProjectKey":"MESSAGEPDA-CONFIG","RepoSlug":"messagepda-config","MainBranch":"main","LargestSize":211091},{"ProjectKey":"MOBILE_TELECONFIG-CONFIG","RepoSlug":"mobile_teleconfig-config","MainBranch":"main","LargestSize":25163},{"ProjectKey":"MOBILEWEBAPI","RepoSlug":"mobilewebapi","MainBranch":"main","LargestSize":5438687},{"ProjectKey":"MOBILEWEBAPI-21","RepoSlug":"mobilewebapi-21","MainBranch":"main","LargestSize":7267859},{"ProjectKey":"MOBILEWEBAPPAUTOMATIONTEST","RepoSlug":"mobilewebappautomationtest","MainBranch":"main","LargestSize":102068647},{"ProjectKey":"MOBILITY-POC-IONIC","RepoSlug":"mobility-poc-ionic","MainBranch":"main","LargestSize":4584056},{"ProjectKey":"PICKTALK","RepoSlug":"picktalk","MainBranch":"main","LargestSize":25452834},{"ProjectKey":"PICKUP-FR","RepoSlug":"pickup-fr","MainBranch":"main","LargestSize":132096082},{"ProjectKey":"PICKUPLOGITICS","RepoSlug":"pickuplogitics","MainBranch":"main","LargestSize":84229970},{"ProjectKey":"PRD_PACKER","RepoSlug":"prd_packer","MainBranch":"main","LargestSize":37648},{"ProjectKey":"SELENIUMGRID-CONFIG","RepoSlug":"seleniumgrid-config","MainBranch":"main","LargestSize":5311},{"ProjectKey":"SQLSERVERORM","RepoSlug":"sqlserverorm","MainBranch":"main","LargestSize":1394949},{"ProjectKey":"SWARMMONITOR","RepoSlug":"swarmmonitor","MainBranch":"main","LargestSize":5985},{"ProjectKey":"TEN","RepoSlug":"tensorflow","MainBranch":"main","LargestSize":57655082},{"ProjectKey":"TEST_AUTO_BI","RepoSlug":"test_auto_bi","MainBranch":"main","LargestSize":5956845},{"ProjectKey":"TESTDRIVER","RepoSlug":"testdriver","MainBranch":"main","LargestSize":6150430},{"ProjectKey":"VISUCOLIS","RepoSlug":"visucolis","MainBranch":"main","LargestSize":4054759},{"ProjectKey":"VISUCOLIS-CONFIG","RepoSlug":"visucolis-config","MainBranch":"main","LargestSize":61045}]}
