{"NumProjects":8,"NumRepositories":12,"ProjectBranches":[{"ProjectKey":"TES","RepoSlug":"testempty","MainBranch":"main","LargestSize":624},{"ProjectKey":"CLOC","RepoSlug":"gcloc","MainBranch":"DEV","LargestSize":214661},{"ProjectKey":"BBPIPES","RepoSlug":"sonarcloud-quality-gate","MainBranch":"master","LargestSize":9856},{"ProjectKey":"BBPIPES","RepoSlug":"sonarcloud-scan","MainBranch":"master","LargestSize":15053},{"ProjectKey":"BBPIPES","RepoSlug":"official-pipes","MainBranch":"sonarqube-quality-gate-pipe","LargestSize":179999},{"ProjectKey":"BBPIPES","RepoSlug":"sonarqube-scan","MainBranch":"master","LargestSize":13536},{"ProjectKey":"BBPIPES","RepoSlug":"sonarqube-quality-gate","MainBranch":"master","LargestSize":12654},{"ProjectKey":"SAMPLES","RepoSlug":"sample-maven-project","MainBranch":"update-maven-image","LargestSize":4009},{"ProjectKey":"SAMPLES","RepoSlug":"sample-gradle-project","MainBranch":"update-versions","LargestSize":8995},{"ProjectKey":"SAMPLES","RepoSlug":"sample-nodejs-project","MainBranch":"demo-app-week","LargestSize":435658},{"ProjectKey":"SAMPLES","RepoSlug":"sample-dotnet-project-azuredevops","MainBranch":"master","LargestSize":3667}]}
