[
  {
    "Language": "CSS",
    "CodeLines": 250945
  },
  {
    "Language": "Scss",
    "CodeLines": 32111
  },
  {
    "Language": "C#",
    "CodeLines": 244717
  },
  {
    "Language": "TypeScript",
    "CodeLines": 32626
  },
  {
    "Language": "Python",
    "CodeLines": 894000
  },
  {
    "Language": "Java",
    "CodeLines": 23345
  },
  {
    "Language": "C++",
    "CodeLines": 2210819
  },
  {
    "Language": "C",
    "CodeLines": 1460
  },
  {
    "Language": "Swift",
    "CodeLines": 1346
  },
  {
    "Language": "YAML",
    "CodeLines": 7797
  },
  {
    "Language": "C Header",
    "CodeLines": 457677
  },
  {
    "Language": "Golang",
    "CodeLines": 33489
  },
  {
    "Language": "SQL",
    "CodeLines": 28457
  },
  {
    "Language": "Objective-C",
    "CodeLines": 1223
  },
  {
    "Language": "JavaScript",
    "CodeLines": 779797
  },
  {
    "Language": "HTML",
    "CodeLines": 266299
  },
  {
    "Language": "XML",
    "CodeLines": 166331
  },
  {
    "Language": "PHP",
    "CodeLines": 829218
  }
]