{
  "TotalFiles": 192,
  "TotalLines": 88627,
  "TotalBlankLines": 10871,
  "TotalComments": 9944,
  "TotalCodeLines": 67812,
  "Results": [
    {
      "Language": "JavaScript",
      "Files": 28,
      "Lines": 44773,
      "BlankLines": 7837,
      "Comments": 9019,
      "CodeLines": 27917
    },
    {
      "Language": "C#",
      "Files": 131,
      "Lines": 28213,
      "BlankLines": 2924,
      "Comments": 855,
      "CodeLines": 24434
    },
    {
      "Language": "CSS",
      "Files": 13,
      "Lines": 14913,
      "BlankLines": 24,
      "Comments": 64,
      "CodeLines": 14825
    },
    {
      "Language": "HTML",
      "Files": 19,
      "Lines": 694,
      "BlankLines": 79,
      "Comments": 2,
      "CodeLines": 613
    },
    {
      "Language": "YAML",
      "Files": 1,
      "Lines": 34,
      "BlankLines": 7,
      "Comments": 4,
      "CodeLines": 23
    }
  ]
}