{
  "TotalFiles": 17750,
  "TotalLines": 5240474,
  "TotalBlankLines": 626297,
  "TotalComments": 741867,
  "TotalCodeLines": 3872310,
  "Results": [
    {
      "Language": "C++",
      "Files": 8948,
      "Lines": 2890471,
      "BlankLines": 323834,
      "Comments": 355818,
      "CodeLines": 2210819
    },
    {
      "Language": "Python",
      "Files": 3126,
      "Lines": 1207087,
      "BlankLines": 181121,
      "Comments": 132327,
      "CodeLines": 893639
    },
    {
      "Language": "C Header",
      "Files": 5306,
      "Lines": 774709,
      "BlankLines": 106864,
      "Comments": 210168,
      "CodeLines": 457677
    },
    {
      "Language": "HTML",
      "Files": 3,
      "Lines": 255499,
      "BlankLines": 5501,
      "Comments": 29,
      "CodeLines": 249969
    },
    {
      "Language": "Golang",
      "Files": 41,
      "Lines": 68015,
      "BlankLines": 3825,
      "Comments": 32123,
      "CodeLines": 32067
    },
    {
      "Language": "Java",
      "Files": 179,
      "Lines": 33199,
      "BlankLines": 3779,
      "Comments": 9100,
      "CodeLines": 20320
    },
    {
      "Language": "C",
      "Files": 29,
      "Lines": 2261,
      "BlankLines": 269,
      "Comments": 532,
      "CodeLines": 1460
    },
    {
      "Language": "Swift",
      "Files": 18,
      "Lines": 2208,
      "BlankLines": 249,
      "Comments": 613,
      "CodeLines": 1346
    },
    {
      "Language": "PHP",
      "Files": 8,
      "Lines": 1459,
      "BlankLines": 78,
      "Comments": 36,
      "CodeLines": 1345
    },
    {
      "Language": "Objective-C",
      "Files": 21,
      "Lines": 1987,
      "BlankLines": 345,
      "Comments": 419,
      "CodeLines": 1223
    },
    {
      "Language": "XML",
      "Files": 54,
      "Lines": 1883,
      "BlankLines": 269,
      "Comments": 476,
      "CodeLines": 1138
    },
    {
      "Language": "YAML",
      "Files": 14,
      "Lines": 1182,
      "BlankLines": 84,
      "Comments": 157,
      "CodeLines": 941
    },
    {
      "Language": "C#",
      "Files": 2,
      "Lines": 386,
      "BlankLines": 72,
      "Comments": 31,
      "CodeLines": 283
    },
    {
      "Language": "JavaScript",
      "Files": 1,
      "Lines": 128,
      "BlankLines": 7,
      "Comments": 38,
      "CodeLines": 83
    }
  ]
}