{
  "TotalFiles": 212,
  "TotalLines": 25281,
  "TotalBlankLines": 2653,
  "TotalComments": 408,
  "TotalCodeLines": 22220,
  "Results": [
    {
      "Language": "SQL",
      "Files": 151,
      "Lines": 19941,
      "BlankLines": 1874,
      "Comments": 283,
      "CodeLines": 17784
    },
    {
      "Language": "C#",
      "Files": 55,
      "Lines": 4753,
      "BlankLines": 747,
      "Comments": 107,
      "CodeLines": 3899
    },
    {
      "Language": "Python",
      "Files": 1,
      "Lines": 386,
      "BlankLines": 13,
      "Comments": 12,
      "CodeLines": 361
    },
    {
      "Language": "YAML",
      "Files": 4,
      "Lines": 191,
      "BlankLines": 19,
      "Comments": 5,
      "CodeLines": 167
    },
    {
      "Language": "XML",
      "Files": 1,
      "Lines": 10,
      "BlankLines": 0,
      "Comments": 1,
      "CodeLines": 9
    }
  ]
}