{
  "TotalFiles": 483,
  "TotalLines": 19974,
  "TotalBlankLines": 2080,
  "TotalComments": 1853,
  "TotalCodeLines": 16041,
  "Results": [
    {
      "Language": "JavaScript",
      "Files": 415,
      "Lines": 14972,
      "BlankLines": 1325,
      "Comments": 1430,
      "CodeLines": 12217
    },
    {
      "Language": "C#",
      "Files": 27,
      "Lines": 2626,
      "BlankLines": 415,
      "Comments": 294,
      "CodeLines": 1917
    },
    {
      "Language": "CSS",
      "Files": 35,
      "Lines": 1909,
      "BlankLines": 236,
      "Comments": 119,
      "CodeLines": 1554
    },
    {
      "Language": "HTML",
      "Files": 6,
      "Lines": 467,
      "BlankLines": 104,
      "Comments": 10,
      "CodeLines": 353
    }
  ]
}