{
  "TotalFiles": 5,
  "TotalLines": 97,
  "TotalBlankLines": 22,
  "TotalComments": 17,
  "TotalCodeLines": 58,
  "Results": [
    {
      "Language": "YAML",
      "Files": 1,
      "Lines": 36,
      "BlankLines": 8,
      "Comments": 7,
      "CodeLines": 21
    },
    {
      "Language": "XML",
      "Files": 1,
      "Lines": 28,
      "BlankLines": 4,
      "Comments": 4,
      "CodeLines": 20
    },
    {
      "Language": "Java",
      "Files": 3,
      "Lines": 33,
      "BlankLines": 10,
      "Comments": 6,
      "CodeLines": 17
    }
  ]
}