{
  "TotalFiles": 9821,
  "TotalLines": 2573215,
  "TotalBlankLines": 318295,
  "TotalComments": 675948,
  "TotalCodeLines": 1578972,
  "Results": [
    {
      "Language": "PHP",
      "Files": 6576,
      "Lines": 1454850,
      "BlankLines": 169760,
      "Comments": 487952,
      "CodeLines": 797138
    },
    {
      "Language": "JavaScript",
      "Files": 1836,
      "Lines": 833058,
      "BlankLines": 115804,
      "Comments": 155842,
      "CodeLines": 561412
    },
    {
      "Language": "CSS",
      "Files": 1139,
      "Lines": 250684,
      "BlankLines": 27653,
      "Comments": 29840,
      "CodeLines": 193191
    },
    {
      "Language": "Scss",
      "Files": 170,
      "Lines": 27571,
      "BlankLines": 4214,
      "Comments": 1889,
      "CodeLines": 21468
    },
    {
      "Language": "HTML",
      "Files": 83,
      "Lines": 6460,
      "BlankLines": 799,
      "Comments": 350,
      "CodeLines": 5311
    },
    {
      "Language": "YAML",
      "Files": 6,
      "Lines": 380,
      "BlankLines": 50,
      "Comments": 63,
      "CodeLines": 267
    },
    {
      "Language": "XML",
      "Files": 11,
      "Lines": 212,
      "BlankLines": 15,
      "Comments": 12,
      "CodeLines": 185
    }
  ]
}