{
  "TotalFiles": 106,
  "TotalLines": 30234,
  "TotalBlankLines": 3255,
  "TotalComments": 5437,
  "TotalCodeLines": 21542,
  "Results": [
    {
      "Language": "JavaScript",
      "Files": 12,
      "Lines": 17238,
      "BlankLines": 2628,
      "Comments": 4491,
      "CodeLines": 10119
    },
    {
      "Language": "CSS",
      "Files": 6,
      "Lines": 7221,
      "BlankLines": 30,
      "Comments": 26,
      "CodeLines": 7165
    },
    {
      "Language": "C#",
      "Files": 64,
      "Lines": 4620,
      "BlankLines": 548,
      "Comments": 920,
      "CodeLines": 3152
    },
    {
      "Language": "XML",
      "Files": 1,
      "Lines": 582,
      "BlankLines": 0,
      "Comments": 0,
      "CodeLines": 582
    },
    {
      "Language": "HTML",
      "Files": 23,
      "Lines": 573,
      "BlankLines": 49,
      "Comments": 0,
      "CodeLines": 524
    }
  ]
}