{
  "TotalFiles": 40,
  "TotalLines": 1350,
  "TotalBlankLines": 163,
  "TotalComments": 155,
  "TotalCodeLines": 1032,
  "Results": [
    {
      "Language": "TypeScript",
      "Files": 26,
      "Lines": 941,
      "BlankLines": 113,
      "Comments": 124,
      "CodeLines": 704
    },
    {
      "Language": "HTML",
      "Files": 6,
      "Lines": 208,
      "BlankLines": 24,
      "Comments": 14,
      "CodeLines": 170
    },
    {
      "Language": "Scss",
      "Files": 6,
      "Lines": 142,
      "BlankLines": 23,
      "Comments": 13,
      "CodeLines": 106
    },
    {
      "Language": "JavaScript",
      "Files": 2,
      "Lines": 59,
      "BlankLines": 3,
      "Comments": 4,
      "CodeLines": 52
    }
  ]
}