{
  "TotalFiles": 633,
  "TotalLines": 55580,
  "TotalBlankLines": 7759,
  "TotalComments": 8489,
  "TotalCodeLines": 39332,
  "Results": [
    {
      "Language": "C#",
      "Files": 607,
      "Lines": 39061,
      "BlankLines": 5371,
      "Comments": 3937,
      "CodeLines": 29753
    },
    {
      "Language": "JavaScript",
      "Files": 7,
      "Lines": 16048,
      "BlankLines": 2343,
      "Comments": 4543,
      "CodeLines": 9162
    },
    {
      "Language": "HTML",
      "Files": 16,
      "Lines": 427,
      "BlankLines": 42,
      "Comments": 0,
      "CodeLines": 385
    },
    {
      "Language": "CSS",
      "Files": 3,
      "Lines": 44,
      "BlankLines": 3,
      "Comments": 9,
      "CodeLines": 32
    }
  ]
}